iter	Logloss
0	0.5918849987
1	0.5461751418
2	0.5235526593
3	0.5115390575
4	0.5051339411
5	0.5007242669
6	0.4977540058
7	0.4960408599
8	0.4946178369
9	0.4930152905
